transistor_name,Ciss_pct_change,Ciss_r2,Ciss_tempco,Coss_pct_change,Coss_r2,Coss_tempco,Crss_pct_change,Crss_r2,Crss_tempco,Id_diode_pct_change,Id_diode_r2,Id_diode_tempco,Id_sat_pct_change,Id_sat_r2,Id_sat_tempco,Id_switch_pct_change,Id_switch_r2,Id_switch_tempco,Power_diode_pct_change,Power_diode_r2,Power_diode_tempco,Power_switch_pct_change,Power_switch_r2,Power_switch_tempco,Rds_on_diode_pct_change,Rds_on_diode_r2,Rds_on_diode_tempco,Rds_on_switch_pct_change,Rds_on_switch_r2,Rds_on_switch_tempco,Vt_thermal_pct_change,Vt_thermal_r2,Vt_thermal_tempco,Vth_pct_change,Vth_r2,Vth_tempco,gds_pct_change,gds_r2,gds_tempco,gm_pct_change,gm_r2,gm_tempco,lambda_pct_change,lambda_r2,lambda_tempco
CREE_C3M0016120K,,,,,,,,,,-1.2129900622774183,0.0004789957815457546,-0.0003516502246671683,-41.80830180413579,0.10895142778496325,-0.002490179185506021,15.457836543863323,0.011715052124108394,0.000939424058492498,-8.472523099592491,0.002411304069249609,-0.001005221342725262,60.49279906049666,0.017540497786685205,0.0025201096275935995,-0.2051901148708969,0.0006484676612948936,-0.00030192089339093063,-36.0906552723091,0.634253343497184,0.0006412615106086107,92.2153120308821,1.0,8.617333262145209e-05,,,,37.436930066315874,0.3429588531839505,0.0012914179209474208,,,,60.93259480219856,0.0775648377838506,0.00762085572900338
CREE_C3M0060065J,,,,,,,,,,2.1226285091790973,8.589663085423194e-05,0.00014310963242687876,-24.261719192335537,0.07192723574423432,-0.0024280221637917577,24.51229493622691,0.007895201077804614,0.0006939592092073428,-2.8443151285242707,0.00019368138731545859,-0.0002616973018205314,34.61220934626792,0.021771083044798134,0.0026498156824652013,-10.231953794344907,0.0029785471817149745,-0.0006189285351056812,-50.36556512402408,0.416109705250028,-0.0006404415834299911,92.2153120308821,1.0,8.617333262145209e-05,,,,40.696594833349295,0.522851178004945,0.0015826304899534938,,,,101.5310279421503,0.2727936375348585,0.019550122482409636
CREE_C3M0065100J,,,,,,,,,,5.8098869843357885,0.0003011443227437516,-0.0002886330319797459,68.89402673455413,0.0004930860967705675,0.0002312058966248206,44.83032949228893,0.0073806158391074295,0.0008199951578207666,-11.685481146324365,0.004402847707342672,-0.0013447492251872277,71.06330045473506,0.0393993554822607,0.0037369627681325544,14.239652530389076,0.003652493640357135,-0.0007286526805834847,-63.848532877946326,0.5498055207222198,-0.0006816555453035006,93.972037588815,1.0,8.617333262145168e-05,,,,161.17231444248364,0.7150484342446549,0.004843224221064797,,,,271.98140845297485,0.7399436123755074,0.029047251028565726
CREE_C3M0120065J,,,,,,,,,,5.168519652342822,0.0029079851572184623,0.0008693857697797295,24.321615634557336,0.05830723315269215,0.002048329688180827,43.075281196049374,0.012765512655968148,0.0008583729657074707,-10.5097306992522,5.659122091516977e-05,0.00014867577564666744,69.34434847826522,0.03836739051362403,0.003109122784731961,-40.1515806798791,0.010663934986930967,-0.0011769364632505917,-60.40877335922473,0.4858103466208674,-0.0006248498327760874,92.2153120308821,1.0,8.617333262145209e-05,,,,,,,,,,,,
CREE_C3M0120100J,,,,,,,,,,23.13072196266213,0.005974642747149761,0.00129542861253347,26.998629172137246,0.06593049861120326,0.00255652468779666,43.46109019513053,0.03485846639367418,0.0017238644104653662,11.713255335248027,0.001216191877511097,0.0007120561434958116,57.17196982244877,0.009950698223790355,0.002130797730915819,-27.284247229549745,0.016754682518056563,-0.0015628055695409745,-65.41406295386314,0.36161893708862103,-0.0015976666206471684,93.972037588815,1.0,8.617333262145168e-05,,,,,,,,,,,,
CREE_CAB530M12BM3,,,,,,,,,,7.26962720377827,0.0008366935654842145,-0.0005032948474325264,-30.41009401260589,0.851666958133281,-0.0020473209775212354,-6.14875319600875,0.0017810871722481192,-0.0004407898486735175,-12.775670477765408,0.00642978709089137,-0.0017814408397115833,32.19857425710599,0.0036615989511796787,0.001311516472923272,-39.053262693956206,0.003716466054699885,-0.0007748511448465261,43.90927441146198,0.7886160122151145,0.002193096170270333,81.49260132961675,1.0,8.617333262145214e-05,,,,-13.858648800552137,0.8879587405427636,-0.0008804869019427622,,,,23.784261491964,0.81196357160096,0.00036269216908664997
CREE_WAB300M12BM3,,,,,,,,,,8.655328005337147,0.00013398464187930337,-0.00018977625994012198,-41.83703437428106,0.9048609505878735,-0.0025966948141400194,12.033426394766138,0.005569121491787565,0.000785331104657576,-8.065584551853433,0.003340653586426545,-0.0011336379174452784,100.3762008914647,0.03497053347994106,0.004157260905370721,-47.90101954937981,0.0032400715644654854,-0.000754085397565015,70.93894181078562,0.8195859692416947,0.0025865986960556097,92.2153120308821,1.0,8.617333262145206e-05,,,,2.8679982330919214,0.49719350511844596,0.00015939973269777364,,,,76.86168015408933,0.8948693544971972,0.0006095466361371411
Fuji_2MBI100XAA120-50,,,,,,,,,,6.945205613551991,0.008410310176630853,0.0018997616911097352,-54.81251295158182,0.9918363328835151,-0.005419218302973506,5.790006068185994,0.0007656793762755854,0.0014610806548986922,10.727372969681856,0.004920351310692794,0.00184582636879536,50.01523109246292,0.0022527735059326703,0.0028711807612860217,-61.914829334998025,0.016360611804144498,-0.0019536970134241176,-31.714275510728452,0.0009649406756346846,-0.0004073873084328849,50.31024652020817,1.0,8.617333262145192e-05,,,,-62.82813551007984,,,,,,-17.738588892782005,0.9929567577894228,0.0010331828405690628
Fuji_2MBI200XAA065-50,,,,,,,,,,9.904464270903434,0.0029523741535143477,0.001127011307069827,-49.53608607887964,0.9930658923952925,-0.004616074810031373,-6.5951256348474665,2.537140598724008e-07,1.8751980941659695e-05,5.365243285552958,0.0006409037570059839,0.0006628040341083799,17.747699469555307,0.0002561184268701222,0.0006840342646367409,-40.017356392016836,0.010653805956928553,-0.0015912185800312677,-27.030792837205325,0.0084201950937689,0.0010335536592621895,50.31024652020817,1.0,8.617333262145192e-05,,,,-63.01448730721248,,,,,,-26.708989020155627,0.9921684939159898,0.0014802944748558598
Fuji_2MBI200XBE120-50,,,,,,,,,,-0.3493625374134098,4.318623507859609e-05,-0.00012366423444923,-54.08202475446843,0.9934050530543159,-0.005312047488620079,6.804128669862601,0.0023533620298490376,0.0012555629564583513,2.932640675831806,0.00022605910929152095,-0.00036326578500814593,53.19682759682224,0.006573053132821638,0.0029333804103370883,-24.814269693763407,7.29127032483845e-05,-0.00011593731610969103,-29.186759919736645,0.000706619440856926,0.0004222544974203901,50.31024652020817,1.0,8.617333262145192e-05,,,,-62.19255243038126,,,,,,-17.6630777653945,0.9789389221268393,0.0010193032209041863
Fuji_2MBI300XBE065-50,,,,,,,,,,3.4526596099514633,0.0002817534017209855,0.00031251027801767214,-49.58828292680344,0.999018710983506,-0.004587078942011087,1.3594040332690662,9.57498231090037e-05,-0.00019242881896512593,1.005872053356861,0.00021617054122502477,-0.0003517279357374289,30.027080817020092,0.0005817612574152697,0.000642857294109447,-27.751002089976605,0.0052933670567082425,-0.0009767484917727887,-19.08063196724796,0.006288317773185947,0.001027714932039711,50.31024652020817,1.0,8.617333262145192e-05,,,,-63.50458226056433,,,,,,-27.605287305637223,0.990716268851511,0.0015013122673570491
Fuji_2MBI300XBE120-50,,,,,,,,,,-7.5004718985861345,0.0010631345028632166,-0.0007061827006674328,-50.586314603773,0.9954135748703367,-0.004749087796821957,-3.0237544956642637,0.0024029648212973154,-0.0008593169004016033,-4.957732298705668,0.002019082651009363,-0.00125793813189266,38.40629323181148,0.00037972869767799455,0.00048303043573310727,1.7470204968369614,0.00010012079381160888,0.0001544272694421895,42.56415286432103,0.04278918625896899,0.0022016642365363173,50.31024652020817,1.0,8.617333262145192e-05,,,,-58.256430849183296,,,,,,-15.522250938999901,0.9010377916581109,0.0008193482758014652
Fuji_2MBI400U2B-060,,,,,,,,,,6.615816628320363,0.01449391549602097,0.0032540307749288617,-21.00936047658735,0.004517440428168706,0.0027923948618902746,6.450686577403611,0.001796983676433661,-0.0009718121220104247,10.767510470080602,0.012077639176416133,0.003763269196315637,22.220394786361094,0.000285812752999548,-0.00021680380656072937,-54.816333858577394,0.018976802582216012,-0.002744792353542076,-20.98120406267655,0.013779887580816386,0.001707025029075462,33.54016434680545,,,,,,-24.015566506211616,0.9565289435009212,0.005763741067683001,,,,-82.8147502155696,0.07089286659076588,-0.1475502879545757
Fuji_2MBI400XBE065-50,,,,,,,,,,21.72140640591255,0.01820117035817237,0.003224138080138078,-46.962378217164044,0.9996638257061415,-0.004252210551848492,22.011148152450275,0.00307532309726144,0.003462697695672456,17.9635405577545,0.008860277475795542,0.002818737263889821,55.80843401049809,0.0034391308025799594,0.004092245850342717,-64.33452653618423,0.040541629477068075,-0.003629538896386344,-69.74609276530946,0.020509480514233736,-0.0024262890616434836,50.31024652020817,1.0,8.617333262145192e-05,,,,-30.226092567498576,,,,,,-13.710490564365163,0.8839765669901783,0.001898276430571307
Fuji_2MBI600XEE065-50,,,,,,,,,,-2.830546644446052,0.0019077120721175955,-0.0008573499780065864,-48.45903774764148,0.9996882547311586,-0.004408573845350864,-2.995414858697379,0.0010819530678596312,-0.0006032239121716421,-6.212583848577146,0.005096603136372169,-0.0018031906148051429,24.02737232133781,8.962491955033514e-06,7.492663370051075e-05,1.6972626852402344,3.9402844000169246e-05,-8.849065879196472e-05,-5.249049220682995,0.011559570355267335,0.0012813744580437798,50.31024652020817,1.0,8.617333262145192e-05,,,,-62.704972247888215,,,,,,-27.640024317929434,0.9683368206306316,0.0014035491492971276
GaNSystems_GS66506T,,,,,,,,,,-62.8514036577035,0.19801274783185685,-0.009774080649638793,27.2618042986844,0.08061423359774178,0.003841861332778299,-60.6133637229599,0.3803344238404246,-0.007403168224702492,-63.31886308083825,0.13001687058679923,-0.009787869255610251,-60.801812669864965,0.12373597844731055,-0.007554892712869192,217.02880557233075,0.3662394049791017,0.008037904739860284,148.08990904310127,0.9661250447433528,0.007402643919611966,41.925205433506804,1.0,8.6173332621452e-05,,,,-59.00378027374439,0.41040512190845657,-0.031358641277943584,,,,-77.05456897595309,0.16046958190796068,-0.1268489692526373
Infineon_FF200R12KE3,,,,,,,,,,6.577225900642643,0.0003034251537616939,0.0003074872324646169,-34.46427158282303,,,1.5165724213491603,0.0004391619103031319,0.00044811054933787813,12.244421965999079,3.268780076826072e-05,0.00013336951992746137,23.26162581858151,0.003857978713256216,0.0018347158738074635,-6.74438950603783,0.0015956908825934812,-0.00048160494500177047,0.13758182255774964,0.004889558618687673,0.0009384947751317098,33.54016434680545,,,,,,-39.60094270351309,,,,,,-7.837970592150658,,
Infineon_FF300R12KE3,,,,,,,,,,3.5985871777110425,0.002959720053599346,0.0010355272645381846,-33.97299366327556,,,2.8549809744360046,0.001284031495447313,0.0007904478878320718,6.978226693083016,0.0017066020024956163,0.0010090788789217171,25.39198633372309,0.00598721010414649,0.002327526671086496,-34.09596770154139,0.005933571967672191,-0.0010619756501546534,-6.9732413828484985,0.002744217905369273,0.0007466308954223574,33.54016434680545,,,,,,-38.51047047154557,,,,,,-6.872152865949707,,
Infineon_IPBE65R050CFD7A,,,,,,,,,,,,,2.18288155813307,0.00019253543503905401,-0.0003503216726856351,-28.35223386445471,0.11614054840495525,-0.00048402300450103115,,,,-27.153005265063516,0.028570682458697927,-0.0006136699329223,,,,-82.79186445701332,0.6801054176726599,0.0003543760760797664,33.54016434680545,,,,,,-39.373489670342146,0.495894631592645,-0.005261386515923073,,,,504.35371011656827,0.08318462271568239,0.40096214389781987
Infineon_IPW65R090CFD7,,,,,,,,,,,,,41.65869778454233,0.06319121389103721,0.0061227170608110296,-34.84724042550125,0.09695026341506063,-0.002156641320681059,,,,-33.905683165539955,0.017820711445355242,-0.0021850123882127476,,,,-90.1229639596977,0.7158190745373791,0.002128270253149362,33.54016434680545,,,,,,-41.192066884596365,0.6310667483511707,-0.005207844435905368,,,,-70.2701626519876,0.11817325524085998,-0.16250097260827337
Mitsubishi_CM200DY-24T,,,,,,,,,,26.481098382185426,0.03128172288164277,0.005441706888037896,-32.53844200293394,0.9999411261408442,-0.0031405503230929974,7.823605367664052,0.0004809949041137962,0.000533938758451257,29.03571913280974,0.02610574431786572,0.005976560387887412,32.922051509110595,0.0024865375191966965,0.001557449486030719,-90.24298971128749,0.029068085527821808,-0.0037581963784450167,-74.99102667310521,0.0007599355496790139,0.0004895719691282365,41.925205433506804,1.0,8.617333262145198e-05,,,,-36.36883722285368,,,,,,-5.677893208583075,0.8639344721212718,0.0003711625173247335
ROHMSemiconductor_SCT3120AW7,,,,,,,,,,2.1842695938854737,0.010485268695165861,0.004332047363735596,20.61801286343257,0.058986741315782965,0.0037375049992402157,20.662956441055535,0.00026730854076595367,0.000220734614636981,7.7038122578952875,0.008645664240593542,0.004805850865893834,27.6065346768167,0.007767740164738024,0.002495569042284771,15.281557529356302,0.00357335645406609,0.0009103662351890407,-67.35583063508666,0.593371602443419,-0.0018635155515796399,41.925205433506804,,,,,,,,,,,,,,
Rohm_SCT3060AW7,,,,,,,,,,-2.7257170480600705,0.0022328747026392204,0.0010770497113287085,20.59359735450586,0.0545639669784489,0.0036256471054840864,19.133947077843942,0.02317202047036293,0.0017495624721294933,-1.5515532612273963,0.0011115105039551931,0.0009205087439233021,22.03082648651792,0.011565706644223961,0.0027929641457500615,-42.70911929095751,0.004279726572130382,-0.0012335906787341161,-53.567028588698854,0.4087528889204525,-0.0022105043082411248,41.925205433506804,,,,,,,,,,,,,,
Semikron_SKM400GB12T4,,,,,,,,,,3.767509543171933,0.0036088672842324865,0.0009951200232063517,-47.72509081284561,0.4376226395931927,-0.005791575262026453,-4.881246517618118,3.918992985352254e-06,3.730517966232745e-05,5.038024790866751,0.0010998905354759891,0.0007501650052657897,25.92858019686612,0.003001926384839426,0.0014129116207384374,-28.267764056379598,0.013582734062698054,-0.0012400750411468932,-2.196953195213205,0.011808554609512911,0.0013383012614137802,41.925205433506804,,,,,,-63.15155268863622,,,,,,-45.417669748254866,0.1913416757401225,0.0036466047798224626
UnitedSiC_UF3SC065007K4S,,,,,,,,,,-1.9219167801576515,0.003481539955883961,-0.0005140560685618369,-35.95339893561316,0.03759329345968354,-0.0020692618613888337,-0.29335982414360534,0.0016625145291065957,0.0002664466546961021,20.268111706187923,9.777133140387306e-05,-0.00014160624540949466,33.81419290277631,0.016183242570862788,0.0022584306277927866,18.197774476273896,0.03274530075840176,0.0008865058917141907,-40.518865366966295,0.2849985658371207,-0.0002215640707952893,105.43204217281688,1.0,8.617333262145187e-05,,,,12.305947345164334,0.033604799532595986,0.0014301451133988579,,,,43.022341512555144,0.02001581742190761,0.007539577168998189
